sigma_1,sum_sigma,sum_sigma_sq,ratio,entropy,block_x,block_y
0.6420750481549246,1.13001744833988,0.45594669510045766,9.436612165562599,2.2312746407588993,0,0
0.8080794178150501,1.2805916735908156,0.697512834327506,14.666902716846383,1.9866169479974127,16,0
3.625845857627915,5.18827591681494,13.887456182129148,17.749123738063556,1.5549517486981417,32,0
8.270845740613053,9.686760045879808,68.91740964278641,133.99417192658265,0.9656309041469084,48,0
7.87011810267154,9.458737606796298,62.615570978078104,91.515317200268,1.046716541642969,64,0
8.196672771060847,8.483067376370862,67.1949584219246,7061.072804193603,0.3253201396542923,80,0
7.374907942107215,8.542722304822885,54.98237369680091,91.70220117029584,0.83584148088941,96,0
0.5837461564873186,1.1592461008737907,0.39471457616350136,6.315508362653772,2.4688077131678954,112,0
1.5369555941361657,2.405799470476232,2.5347179455489464,13.695177427901227,1.8978899377733187,0,16
0.9556435029325935,1.6687182538709826,1.031093506555146,7.749953244220001,2.087400976801097,16,16
6.395371993800442,8.278254258314833,42.094457689893886,34.264567166955345,1.2625556897864398,32,16
8.560048188162218,9.124641747659375,73.31895274613139,1645.552692589119,0.5320575298888686,48,16
8.231796702335734,9.757264348099588,68.29079817075726,128.25975153956105,1.032978265359652,64,16
6.743861977669319,8.449672588475444,47.010442275307945,29.710346434824203,1.0408740818069993,80,16
3.601918820194973,5.229864583860391,13.762441173796123,16.451231334889602,1.585641395987189,96,16
1.1987082279563863,2.098592862845194,1.5879544705330317,9.512498145301253,2.148458482422552,112,16
0.7914854441884592,1.3314365081913127,0.6750826897470352,12.880762589103538,2.173156562332363,0,32
3.6064128297148,5.87440303847471,14.260222760081197,10.371696225343733,1.9303897253118212,16,32
8.526481398767261,9.886361370257678,73.1566956902176,159.4976468260565,0.9261692819862929,32,32
8.52464495820676,10.023447793666005,73.17444276497314,143.93659591915622,1.0081392410241685,48,32
9.036131385756784,10.467182968776463,82.10812390785742,178.88239180598117,0.9422609236316832,64,32
5.747086345781684,8.09687739480095,34.80889005535518,18.55676984740873,1.497161488848035,80,32
0.7874740349884485,1.4463351061354184,0.70402909419688,7.389826477294369,2.2911652288116615,96,32
1.19074139663379,2.1664302877048662,1.6356578255151755,6.510127409822187,2.1553493080188755,112,32
4.546088200677167,7.208334334660354,22.727131471117385,10.031439687070861,1.7839112711912979,0,48
7.471311923345796,9.322089506282046,56.93890956442587,49.91064664629989,1.1519167565164212,16,48
9.911713745395774,11.463903906261478,98.81572704124491,171.25526800072214,0.9180796830707478,32,48
8.49717771051718,10.084782558562813,73.06701858025755,83.47146705867607,0.9625715837256794,48,48
9.104146616694242,10.99864929646173,83.87395490897606,83.85227800692,1.0677826612014965,64,48
7.4695899065544635,8.998013859930888,56.876457276827,51.58135528035182,0.9695188356046087,80,48
4.720557403110344,7.884450002862627,24.786477298119426,8.903435684996099,1.9461454550426773,96,48
1.4240693066586068,2.30464843765737,2.259920596226148,8.743216533656096,1.8557883498948673,112,48
7.571725167968607,8.463300250475,57.528931249264275,289.68195335273856,0.756572486956521,0,64
7.95803885950508,9.015480138217582,63.55934782419702,276.5925503571334,0.8396749113063132,16,64
7.692614392638967,9.17166799844374,59.82903070957517,90.66172745539528,1.0054033981100485,32,64
10.837429121673562,12.903520617652015,118.5946074795187,102.59973672020094,1.0195646307917687,48,64
9.14062350324812,11.133143158628135,84.4693619713865,90.97799152920439,1.122127457385851,64,64
7.032967424550344,7.731373307324987,49.62450525368022,305.559787337528,0.6500664467678522,80,64
6.838537976546685,7.312661103950057,46.81261752611447,994.655795046604,0.5267513126005425,96,64
6.477622379461818,7.664654592485579,42.640945223050245,61.58261185812995,0.8889843758418463,112,64
7.227347381228957,7.697797647561255,52.270525936631564,1451.8966973782597,0.5151232257772157,0,80
7.191176518765944,7.646855023551812,51.74316330781547,1715.4995447132767,0.5133426491064017,16,80
7.164045387986549,7.647894971633262,51.36585275879597,1213.1093054601818,0.5247856350180549,32,80
7.2177772567674205,8.04744678893448,52.291998367469304,266.21741084998433,0.7355639054564964,48,80
7.168618558846231,7.637061565906365,51.427719985742385,1330.3261072074845,0.5128869262214453,64,80
7.105360825391888,7.601999123655871,50.53203817978935,1100.2344819068835,0.5346024145560597,80,80
7.166329218882014,7.627298666422893,51.39201225384862,1436.9901219838123,0.5090810279767457,96,80
7.072391639645132,7.554540800683597,50.05845343328391,1258.9366788961752,0.5319944039780551,112,80
7.303464916078553,7.71524762826142,53.36422516235431,2257.671100961408,0.4716016373189375,0,96
7.145987426326355,7.62007640179727,51.09933859950576,1492.9884799476924,0.530833755163731,16,96
6.949294587856488,7.458695243024539,48.348209068252125,869.9066871429238,0.5499524414821177,32,96
6.652759732871493,7.128318226061132,44.301241620885875,1053.0246235760796,0.5513524250358708,48,96
6.961404138291875,7.513390292390852,48.5403490955879,611.8637161111085,0.5716816112011786,64,96
6.96595580622224,7.428882962672991,48.560753144583536,1339.9442433134277,0.5221169575994293,80,96
7.172297984005523,7.601669781967078,51.47087889972883,1772.5413263824269,0.4847978645669888,96,96
7.237883891488238,7.649039438958814,52.41460052928014,1895.4479208071461,0.4652835831482925,112,96
6.500337553250899,6.903357745553009,42.28094706516896,1590.917611932113,0.49673579884506014,0,112
6.2677036385606355,6.675923214311601,39.313827003909125,1321.8470554530022,0.5130835026911166,16,112
6.176024799239614,6.563685345904176,38.16414264295627,1828.4211363319466,0.515130911354915,32,112
6.273904989395058,6.606612787248486,39.37595245642064,2797.646742676854,0.4520342414905484,48,112
6.199361292318768,6.5593354880966155,38.45151926623523,1976.9757988667113,0.47534625536982444,64,112
6.399624262572066,6.8472165168255765,40.99634936250711,995.0322791311548,0.5330374543652959,80,112
6.676447062281721,7.043052178272938,44.59453205603708,2275.6622550477755,0.4601705078582186,96,112
6.692908215560582,7.08406028915545,44.82033938687053,1769.1552772794187,0.4781129228205153,112,112
